series_id,date,value,value_raw,citation_text
GDP,2024-01-01,28708.161,28708.161,Source: Bureau of Economic Analysis via FRED
GDP,2024-04-01,29147.044,29147.044,Source: Bureau of Economic Analysis via FRED
GDP,2024-07-01,29511.664,29511.664,Source: Bureau of Economic Analysis via FRED
GDP,2024-10-01,29825.182,29825.182,Source: Bureau of Economic Analysis via FRED
GDP,2025-01-01,30042.113,30042.113,Source: Bureau of Economic Analysis via FRED
GDP,2025-04-01,30485.729,30485.729,Source: Bureau of Economic Analysis via FRED
GDP,2025-07-01,31098.027,31098.027,Source: Bureau of Economic Analysis via FRED
GDP,2025-10-01,31422.526,31422.526,Source: Bureau of Economic Analysis via FRED
GDP,2026-01-01,31856.257,31856.257,Source: Bureau of Economic Analysis via FRED
